-- phpMyAdmin SQL Dump
-- version 4.7.3
-- https://www.phpmyadmin.net/
--
-- Host: localhost:3306
-- Generation Time: Oct 12, 2017 at 05:54 AM
-- Server version: 5.6.37-log
-- PHP Version: 5.6.30

SET SQL_MODE = "NO_AUTO_VALUE_ON_ZERO";
SET AUTOCOMMIT = 0;
START TRANSACTION;
SET time_zone = "+00:00";


/*!40101 SET @OLD_CHARACTER_SET_CLIENT=@@CHARACTER_SET_CLIENT */;
/*!40101 SET @OLD_CHARACTER_SET_RESULTS=@@CHARACTER_SET_RESULTS */;
/*!40101 SET @OLD_COLLATION_CONNECTION=@@COLLATION_CONNECTION */;
/*!40101 SET NAMES utf8mb4 */;

--
-- Database: `huntever_iLinks`
--

-- --------------------------------------------------------

--
-- Table structure for table `links`
--

CREATE TABLE IF NOT EXISTS `links` (
  `id` int(11) NOT NULL AUTO_INCREMENT,
  `topics_name` varchar(200) COLLATE utf8_unicode_ci DEFAULT NULL,
  `link` varchar(255) COLLATE utf8_unicode_ci DEFAULT NULL,
  `created_by` int(11) DEFAULT NULL,
  `visited_at` timestamp NULL DEFAULT NULL COMMENT 'CURRENT_TIMESTAMP',
  `tags` varchar(255) COLLATE utf8_unicode_ci DEFAULT NULL,
  `status` int(11) DEFAULT '1',
  `add_to_fav` int(1) DEFAULT '0',
  PRIMARY KEY (`id`),
  KEY `FK36ILUS16335B86` (`created_by`)
) ENGINE=InnoDB DEFAULT CHARSET=utf8 COLLATE=utf8_unicode_ci;

--
-- Dumping data for table `links`
--

INSERT INTO `links` (`id`, `topics_name`, `link`, `created_by`, `visited_at`, `tags`, `status`, `add_to_fav`) VALUES
(1, 'Comparison of email clients', 'https://en.wikipedia.org/wiki/Comparison_of_email_clients', 2, NULL, NULL, 1, 0),
(2, 'A simple text email', 'https://commons.apache.org/proper/commons-email/userguide.html', 2, '2017-09-18 12:00:00', NULL, 1, 0),
(3, 'PHP Create MySQL Tables', 'https://www.w3schools.com/php/php_mysql_create_table.asp', 1, '2017-09-19 12:00:00', NULL, 1, 0),
(4, 'Admin dashboard template for Bootstrap', 'https://github.com/secondtruth/startmin', 2, '2017-09-19 12:00:00', NULL, 1, 0),
(5, 'Zimbra git hub repository', 'https://github.com/Zimbra', 1, '2017-09-19 12:00:00', NULL, 1, 0),
(6, 'Building Zimbra using Gitv', 'https://wiki.zimbra.com/wiki/Building_Zimbra_using_Git', 1, '2017-09-19 12:00:00', NULL, 1, 0),
(7, 'Zimbra Documentation', 'https://www.zimbra.com/documentation/', 1, '2017-09-19 12:00:00', NULL, 1, 0),
(8, 'Zimbra Downloads', 'https://www.zimbra.com/downloads/', 1, '2017-09-19 12:00:00', NULL, 1, 1),
(9, 'Setting Up Zimbra Collaboration Suite (ZCS) on RHEL/CentOS 7/6', 'https://www.tecmint.com/install-zimbra-collaboration-suite-on-centos-rhel/', 1, '2017-09-19 12:00:00', NULL, 1, 0),
(10, 'How to set up Zimbra mail server on CentOS', 'http://xmodulo.com/zimbra-mail-server-centos.html', 1, '2017-09-19 12:00:00', NULL, 1, 0),
(11, 'How to Update Teamviewer on Ubuntu', 'http://www.kvcodes.com/2017/01/update-teamviewer-ubuntu/', 1, '2017-09-19 12:00:00', NULL, 1, 0),
(12, 'The Perfect Server – CentOS 7 (Apache2, Dovecot, ISPConfig 3)', 'https://www.howtoforge.com/perfect-server-centos-7-apache2-mysql-php-pureftpd-postfix-dovecot-and-ispconfig3', 1, '2017-09-19 12:00:00', NULL, 1, 0),
(13, 'Download free vector logos and icons!', 'https://www.brandeps.com/', 1, '2017-09-19 12:00:00', NULL, 1, 0),
(14, 'Admin dashboard template for Bootstrap', 'https://github.com/secondtruth/startmin', 1, '2017-09-19 12:00:00', NULL, 1, 0),
(15, 'crudx nahid github repository', 'https://github.com/nahid/crudx', 1, '2017-09-19 12:00:00', NULL, 1, 0),
(16, 'Comparison of email clients', 'https://en.wikipedia.org/wiki/Comparison_of_email_clients', 1, '2017-09-19 12:00:00', NULL, 1, 0),
(17, 'Startmin Admin Dashboard Demo', 'http://secondtruth.github.io/startmin/pages/index.html', 1, '2017-09-19 12:00:00', NULL, 1, 0),
(18, '16 best open source mail server projects', 'http://www.findbestopensource.com/tagged/mail-server', 1, '2017-09-19 12:00:00', NULL, 1, 0),
(19, 'Mail-in-a-Box', 'https://mailinabox.email/', 1, '2017-09-19 12:00:00', NULL, 1, 0),
(20, '3 Awesome Complete Open Source Mail Servers Solutions For Linux and UNIX servers', 'https://www.cyberciti.biz/open-source/awesome-complete-open-source-mail-servers-solutions-for-linux-unix/', 1, '2017-09-19 12:00:00', NULL, 1, 0),
(21, 'top ten open source email server', '#', 1, '2017-09-19 12:00:00', NULL, 1, 0),
(22, 'how to setup zimbra mail server on centos', '#', 1, '2017-09-19 12:00:00', NULL, 0, 0),
(23, 'zimbra open source download', '#', 1, '2017-09-19 12:00:00', NULL, 1, 1),
(24, 'Two open source secure email services', 'https://opensource.com/article/17/3/secure-email', 1, '2017-09-19 12:00:00', NULL, 1, 0),
(25, 'open source email service', '#', 1, '2017-09-19 12:00:00', NULL, 1, 0),
(26, 'Commons Email', 'https://commons.apache.org/proper/commons-email/', 1, '2017-09-19 12:00:00', NULL, 1, 0),
(27, 'A simple text email', 'https://commons.apache.org/proper/commons-email/userguide.html', 1, '2017-09-19 12:00:00', NULL, 1, 0),
(28, 'Convert your images to base64', 'https://www.base64-image.de/', 1, '2017-09-22 18:00:00', NULL, 1, 0),
(29, 'Filtering out spam with SpamAssassin ', 'https://workaround.org/ispmail/jessie/spamassassin', 3, '2017-09-22 18:00:00', NULL, 1, 0),
(30, '5 Ways to Send Email From Linux Command Line', 'https://tecadmin.net/ways-to-send-email-from-linux-command-line/#', 3, '2017-09-22 18:00:00', NULL, 1, 0),
(31, 'Handling Spam with Postfix, SpamAssassin, Dovecot and Sieve.', 'http://moi.vonos.net/linux/email-sieve-spam/', 3, '2017-09-22 18:00:00', NULL, 1, 0),
(32, 'Dovecot Sieve configuration', 'https://www.digitalocean.com/community/questions/dovecot-sieve-configuration', 3, '2017-09-22 18:00:00', NULL, 1, 0),
(33, 'Simple Mailserver With Postfix, Dovecot, And Sieve On CentOS 7', 'https://www.vultr.com/docs/simple-mailserver-postfix-dovecot-sieve-centos-7', 3, '2017-09-22 18:00:00', NULL, 1, 0),
(34, 'How to install and setup a powerful mail server on Linux', 'http://ary.kleinerman.org/posts/how-to-install-and-setup-a-powerful-mail-server-on-linux/', 3, '2017-09-22 18:00:00', NULL, 1, 0),
(35, 'Mail filtering with Dovecot', 'https://blog.za3k.com/mail-filtering-with-dovecot/', 3, '2017-09-22 18:00:00', NULL, 1, 0),
(36, 'Dovecot Logging', 'https://wiki1.dovecot.org/Logging', 3, '2017-09-22 18:00:00', NULL, 1, 0),
(37, ' How to set-up server-side email filtering with Dovecot Sieve and Roundcube on a CentOS 6 VPS', 'https://www.rosehosting.com/blog/how-to-set-up-server-side-email-filtering-with-dovecot-sieve-and-roundcube-on-a-centos-6-vps/', 3, '2017-09-22 18:00:00', NULL, 1, 0),
(38, 'Email with Postfix, Dovecot and MariaDB on CentOS 7', 'https://www.linode.com/docs/email/postfix/email-with-postfix-dovecot-and-mariadb-on-centos-7', 3, '2017-09-22 18:00:00', NULL, 1, 0),
(39, 'How to install sieve for dovecot on CentOS 6?', 'http://www.wedebugyou.com/2014/02/how-to-install-sieve-for-dovecot-on-centos-6/', 3, '2017-09-22 18:00:00', NULL, 1, 0),
(40, 'How to Install and configure mail-server (Postfix, Dovecot, MariaDB/MySQL) in CentOS/RHEL 7', 'http://blog.acmenet.ru/en/2014/11/25/mail-centos-en/', 3, '2017-09-22 18:00:00', NULL, 1, 0),
(41, 'Pigeonhole Sieve Configuration', 'https://wiki2.dovecot.org/Pigeonhole/Sieve/Configuration', 3, '2017-09-22 18:00:00', NULL, 1, 0),
(42, 'Pigeonhole Installation', 'https://wiki2.dovecot.org/Pigeonhole/Installation', 3, '2017-09-22 18:00:00', NULL, 1, 0),
(43, 'How to compile dovecot with sieve and metadata plugin to Centos 6', 'http://webplay.pro/linux/centos/how-to-compile-dovecot-with-sieve-and-metadata-plugin-to-centos-6.html', 3, '2017-09-22 18:00:00', NULL, 1, 0),
(44, 'Configure mail server on Centos 7 with Postfix, Dovecot, Apache, postfixadmin and Roundcube', 'http://blog.ceae.info/configure-mail-server-on-centos-7-with-postfix-dovecot-apache-postfixadmin-and-roundcube/', 3, '2017-09-22 18:00:00', NULL, 1, 0),
(45, 'Sieve Mail Filtering Setup', 'https://easyengine.io/tutorials/mail/server/sieve-filtering/', 3, '2017-09-22 18:00:00', NULL, 1, 0),
(46, 'Spam Tests', 'https://easyengine.io/tutorials/mail/server/testing/spam/', 3, '2017-09-22 18:00:00', NULL, 1, 0),
(47, 'Pigeonhole Sieve examples', 'https://wiki2.dovecot.org/Pigeonhole/Sieve/Examples', 3, '2017-09-22 18:00:00', NULL, 1, 0),
(48, 'How To Install & Set Up Dovecot Mail Server With Sieve And Virtual Users', 'https://www.howtoforge.com/dovecot_mail_server_sieve_virtual_users', 3, '2017-09-22 18:00:00', NULL, 1, 0),
(49, 'How to set filters in roundcube with Sieve', 'http://www.smartdomotik.com/2015/09/04/how-to-set-filters-in-roundcube-with-sieve/', 3, '2017-09-22 18:00:00', NULL, 1, 0),
(50, ' Sieve server-side mail filtering with Postfix, Dovecot ', 'http://koansys.com/tech/sieve-server-side-mail-filtering-with-postfix-dovecot', 3, '2017-09-22 18:00:00', NULL, 1, 0),
(51, 'Server Side Mail Filtering using Sieve', 'https://ceng.metu.edu.tr/server-side-mail-filtering-using-sieve', 3, '2017-09-22 18:00:00', NULL, 1, 0),
(52, 'Tutorial: Sieve, Managesieve filters with Dovecot and Roundcube', 'https://forum.vestacp.com/viewtopic.php?t=11363', 3, '2017-09-22 18:00:00', NULL, 1, 0),
(53, 'Sieve not filtering email', 'https://stackoverflow.com/questions/30175366/sieve-not-filtering-email', 3, '2017-09-22 18:00:00', NULL, 1, 0),
(54, 'Dovecot', 'https://wiki.archlinux.org/index.php/Dovecot', 3, '2017-09-22 18:00:00', NULL, 1, 0),
(55, 'Pigeonhole Sieve Troubleshooting', 'https://wiki.dovecot.org/Pigeonhole/Sieve/Troubleshooting', 3, '2017-09-22 18:00:00', NULL, 1, 0),
(56, 'Dovecot Sieve filters not working', 'https://stackoverflow.com/questions/39750890/dovecot-sieve-filters-not-working', 3, '2017-09-22 18:00:00', NULL, 1, 0),
(57, 'Postfix and Dovecot Sieve spam filter does not work', 'https://serverfault.com/questions/610571/postfix-and-dovecot-sieve-spam-filter-does-not-work', 3, '2017-09-22 18:00:00', NULL, 1, 0),
(58, 'Dovecot LDA with Postfix', 'https://wiki.dovecot.org/LDA/Postfix', 3, '2017-09-22 18:00:00', NULL, 1, 0),
(59, 'SIEVE-FILTER', 'https://pigeonhole.dovecot.org/doc/man1/sieve-filter.1.html', 3, '2017-09-22 18:00:00', NULL, 1, 0),
(60, 'invoke filtering manually in dovecot+sieve', 'https://serverfault.com/questions/662844/invoke-filtering-manually-in-dovecotsieve', 3, '2017-09-22 18:00:00', NULL, 1, 0),
(61, 'Global Dovecot Sieve Rule', 'https://talk.plesk.com/threads/global-dovecot-sieve-rule.341552/', 3, '2017-09-22 18:00:00', NULL, 1, 0),
(62, 'Dovecot+Sieve : move spam to spam folder - doesn\'t work', 'https://forums.opensuse.org/showthread.php/523330-Dovecot-Sieve-move-spam-to-spam-folder-doesn-t-work', 3, '2017-09-22 18:00:00', NULL, 1, 0),
(63, 'Configure Sieve filters', 'https://github.com/tomav/docker-mailserver/wiki/Configure-Sieve-filters', 3, '2017-09-22 18:00:00', NULL, 1, 0),
(64, 'How can I filter my email with Sieve server-side filters? ', 'https://support.tigertech.net/sieve', 3, '2017-09-22 18:00:00', NULL, 1, 0),
(65, 'How can I purposely send a message that will be marked as spam in Gmail?', 'https://webapps.stackexchange.com/questions/5767/how-can-i-purposely-send-a-message-that-will-be-marked-as-spam-in-gmail', 3, '2017-09-22 18:00:00', NULL, 1, 0),
(66, 'Test spam mail', 'https://spamassassin.apache.org/gtube/gtube.txt', 3, '2017-09-22 18:00:00', NULL, 1, 0),
(67, 'EICAR Test for Reability of Anti-Virus E-Mail Protection', 'http://www.aleph-tec.com/eicar/', 3, '2017-09-22 18:00:00', NULL, 1, 0),
(68, 'How to simulate spam mail?', 'http://o365info.com/simulate-spam-mail/', 3, '2017-09-22 18:00:00', NULL, 1, 0),
(69, 'How to send a test spam message?', 'https://ficility.net/2013/04/19/how-to-send-a-test-spam-message/\r\n', 3, '2017-09-22 18:00:00', NULL, 1, 0),
(70, 'Free Email Security Check', 'http://www.emailsecuritycheck.net/index.html', 3, '2017-09-22 18:00:00', NULL, 1, 0),
(71, 'Any way I can send Spam to my mail perimeter in a controlled way for testing?', 'https://serverfault.com/questions/381308/any-way-i-can-send-spam-to-my-mail-perimeter-in-a-controlled-way-for-testing', 3, '2017-09-22 18:00:00', NULL, 1, 0),
(72, 'The GTUBE', 'http://spamassassin.apache.org/gtube/', 3, '2017-09-22 18:00:00', NULL, 1, 0),
(73, 'Sending yourself \"spam\" will not work', 'https://wiki.apache.org/spamassassin/TestingInstallation', 3, '2017-09-22 18:00:00', NULL, 1, 0),
(74, 'Postfix, Dovecot and roundcube – Part 3', 'http://techlinux.net/2014/11/postfix-dovecot-roundcube-part-3/', 3, '2017-09-22 18:00:00', NULL, 1, 0),
(75, 'Spamassassin, Dovecot and Postfix: Move spam to folder', 'https://serverfault.com/questions/764641/spamassassin-dovecot-and-postfix-move-spam-to-folder/778462', 3, '2017-09-22 18:00:00', NULL, 1, 0),
(76, 'Move junk mail to a folder instead of deleting', 'https://www.howtoforge.com/community/threads/move-junk-mail-to-a-folder-instead-of-deleting.15704/', 3, '2017-09-22 18:00:00', NULL, 1, 0),
(77, 'Problem to use sieve and dovcot to move spam mail to Junk folder', 'https://askubuntu.com/questions/841798/problem-to-use-sieve-and-dovcot-to-move-spam-mail-to-junk-folder', 3, '2017-09-22 18:00:00', NULL, 1, 0),
(78, 'How to move spam to spam folder?', 'https://stackoverflow.com/questions/24256008/how-to-move-spam-to-spam-folder', 3, '2017-09-22 18:00:00', NULL, 1, 0),
(79, 'Small Bootstrap Tagging Plugin With Autocomplete Support - Tagsy', 'http://www.jqueryscript.net/form/Small-Bootstrap-Tagging-Plugin-Autocomplete-Support-Tagsy.html', 1, '2017-09-22 18:00:00', NULL, 1, 0),
(80, 'ProtonMail Review - Free Secure Email Service', 'https://www.lifewire.com/protonmail-review-4107075', 4, '2017-09-23 18:00:00', 'mail', 1, 0),
(81, 'Write english', 'https://writeandimprove.com', 4, '2017-09-23 18:00:00', 'java', 1, 0),
(82, 'Write english', 'http://www.prothom-alo.com/education/article/1330566/%E0%A6%B8%E0%A6%BE%E0%A6%AC%E0%A6%B2%E0%A7%80%E0%A6%B2-%E0%A6%87%E0%A6%82%E0%A6%B0%E0%A7%87%E0%A6%9C%E0%A6%BF-%E0%A6%B2%E0%A6%BF%E0%A6%96%E0%A6%A4%E0%A7%87-%E0%A6%9A%E0%A6%BE%E0%A6%A8', 4, '2017-09-23 18:00:00', 'English', 1, 0),
(83, 'Autocomplete + Custom tag input ', 'https://codepen.io/curthusting/pen/FLhpE', 1, '2017-09-23 18:00:00', 'html,css,javascript', 1, 0),
(84, 'Bootstrap Tags Input', 'https://bootstrap-tagsinput.github.io/bootstrap-tagsinput/examples/', 1, '2017-09-23 18:00:00', 'html,css,javascript', 1, 0),
(85, 'Tags using Bootstrap Tags Input Plugin with Autocomplete', 'http://phppot.com/jquery/tags-using-bootstrap-tags-input-plugin-with-autocomplete/', 1, '2017-09-23 18:00:00', 'html,css,javascript,php', 1, 0),
(86, 'Simple Link Directory', 'https://wordpress.org/plugins/simple-link-directory/', 1, '2017-09-24 18:00:00', 'wordpress', 1, 0),
(87, 'WP Links Page', 'https://wordpress.org/plugins/wp-links-page', 1, '2017-09-24 18:00:00', 'wordpress', 1, 0),
(88, 'Linked List Data Structure', 'http://www.java2novice.com/data-structures-in-java/linked-list/', 1, '2017-09-25 18:00:00', 'java', 1, 0),
(89, '10 Cool Browser Tricks to Help You Use the Internet Like a Pro', 'http://www.makeuseof.com/tag/10-cool-browser-tricks-help-use-internet-like-pro/', 1, '2017-09-27 18:00:00', 'mail', 1, 0),
(90, 'Topics Base perfect search', 'http://www.prothom-alo.com/technology/article/1332636/%E0%A6%97%E0%A7%81%E0%A6%97%E0%A6%B2%E0%A7%87%E0%A6%B0-%E0%A6%AC%E0%A6%BF%E0%A6%95%E0%A6%B2%E0%A7%8D%E0%A6%AA', 4, '2017-09-27 18:00:00', 'search,google', 1, 0),
(91, 'Tutanota is the end-to-end encrypted mail client that enables you to communicate securely with anyone. ', 'https://github.com/tutao/tutanota', 1, '2017-09-29 18:00:00', 'mail', 1, 0),
(92, 'Official AngularJS web client for the ProtonMail secure email service', 'https://github.com/ProtonMail/WebClient', 1, '2017-09-29 18:00:00', 'mail,github', 1, 0),
(93, 'A Complete Guide to Flexbox', 'https://css-tricks.com/snippets/css/a-guide-to-flexbox/', 1, '2017-09-29 18:00:00', 'css', 1, 0),
(94, 'List of JavaScript libraries', 'https://en.wikipedia.org/wiki/List_of_JavaScript_libraries', 1, '2017-09-29 18:00:00', 'javascript', 1, 0),
(95, 'James stands for Java Apache Mail Enterprise Server!', 'https://james.apache.org/', 3, '2017-09-29 18:00:00', 'Java,Mail,Server,MTA', 1, 0),
(96, 'Parser-JavaScript', 'https://github.com/WhichBrowser/Parser-JavaScript', 3, '2017-09-29 18:00:00', 'javascript,parser', 1, 0),
(97, 'holdmail', 'https://github.com/SpartaSystems/holdmail', 3, '2017-09-29 18:00:00', 'Mail,Client', 1, 0),
(98, 'ToyBrowser', 'https://github.com/adhamenaya/ToyBrowser', 3, '2017-09-29 18:00:00', 'Browser', 1, 0),
(99, 'Browser', 'https://github.com/djmilovic/Browser', 3, '2017-09-29 18:00:00', 'Browser', 1, 0),
(100, 'Lightning-Browser', 'https://github.com/anthonycr/Lightning-Browser', 3, '2017-09-29 18:00:00', 'Browser', 1, 0),
(101, 'browser', 'https://github.com/sapgan/browser', 3, '2017-09-29 18:00:00', 'Browser', 1, 0),
(102, 'Browser', 'https://github.com/TaXueWWL/Browser', 3, '2017-09-29 18:00:00', 'Browser', 1, 0),
(103, 'Mail Template', 'https://www.w3schools.com/w3css/tryw3css_templates_mail.htm', 3, '2017-09-29 18:00:00', 'Mail,Template', 1, 0),
(104, 'Mail architecture Diagram', 'https://mailinabox.email/static/architecture.svg', 3, '2017-09-29 18:00:00', 'Mail,Architecture', 1, 0),
(105, 'Architecture+of+a+Simple+Mail+System', 'http://slideplayer.com/slide/5959459/20/images/6/Architecture+of+a+Simple+Mail+System.jpg', 3, '2017-09-29 18:00:00', 'mail,Architecture', 1, 0),
(106, 'MUA', 'http://slideplayer.com/slide/6641114/23/images/3/MUA+Mail+User+Agent+Reads+and+writes+e-mail.jpg', 3, '2017-09-29 18:00:00', 'MUA', 1, 0),
(107, 'Mail architecture Diagram', 'http://1.bp.blogspot.com/-z-d3Bbtdspc/UXFWsy0sHMI/AAAAAAAAAUY/-39UNe25Ts8/s400/email1.jpg', 3, '2017-09-29 18:00:00', 'Mail,Architecture', 1, 0),
(108, 'JavaMail Architecture', 'https://ejbvn.files.wordpress.com/2008/11/201.jpg', 3, '2017-09-29 18:00:00', 'mail,Java,Architecture', 1, 0),
(109, 'MTA diagram', 'https://wiki.zimbra.com/images/5/5b/6_MTA.5.1.2.jpg', 3, '2017-09-29 18:00:00', 'MTA', 1, 0),
(110, 'Internet Mail Standared', 'http://images.slideplayer.com/20/6055575/slides/slide_7.jpg', 3, '2017-09-29 18:00:00', 'Mail', 1, 0),
(111, 'Email Notification Framework', 'https://www.codeproject.com/Articles/42843/Email-Notification-Framework', 3, '2017-09-29 18:00:00', 'Mail', 1, 0),
(112, 'Email Client Diagram', 'https://www.cryptovision.com/en/products/smail/', 3, '2017-09-29 18:00:00', 'Client,Email', 1, 0),
(113, 'Mailbird', 'http://cdn.windowsreport.com/wp-content/uploads/2016/03/mailbird.png', 3, '2017-09-29 18:00:00', 'Client,Email', 1, 0),
(114, 'Best Windows 10 Email Clients and Apps to Use', 'http://windowsreport.com/windows-10-email-client-apps/', 3, '2017-09-29 18:00:00', 'Client,Email', 1, 0),
(115, 'Email Flow', 'https://image.slidesharecdn.com/e-mailflow-130803083741-phpapp01/95/e-mail-flow-6-638.jpg?cb=1375519173', 3, '2017-09-29 18:00:00', 'Email', 1, 0),
(116, 'Email agent (infrastructure)', 'https://en.wikipedia.org/wiki/Email_agent_%28infrastructure%29', 3, '2017-09-29 18:00:00', 'Email,Agent', 1, 0),
(117, 'Client Server', 'https://image.slidesharecdn.com/aoamwa-130124134018-phpapp01/95/architecture-of-a-modern-web-app-15-638.jpg?cb=1359035078', 3, '2017-09-29 18:00:00', 'Server,Client', 1, 0),
(118, 'Zimbra Desktop', 'https://www.zimbra.com/zimbra-desktop/', 3, '2017-09-29 18:00:00', 'Zimbra', 1, 0),
(119, 'Email Client Diagram', 'https://www.linux.com/sites/lcom/files/joomla/images/stories/41373/geary-on-freya.png', 3, '2017-09-29 18:00:00', 'Client,Email', 1, 0),
(120, 'Email Client Diagram', 'https://thesweetsetup.com/wp-content/uploads/2015/11/image7.jpg', 3, '2017-09-29 18:00:00', 'Client,Email', 1, 0),
(121, 'Email client template', 'https://www.epicpxls.com/items/email-client-template', 3, '2017-09-29 18:00:00', 'Client,Email', 1, 0),
(122, 'Java: English Number to Bangla Number(সংখ্যা) Conversion', 'https://codebazz.wordpress.com/2015/12/31/java-english-to-bangla-number-conversion/', 3, '2017-10-01 18:00:00', 'java,bangla', 1, 0),
(123, 'Java: English Number to Bangla Number(সংখ্যা) Conversion', 'https://codebazz.wordpress.com/2015/12/31/java-english-to-bangla-number-conversion/', 1, '2017-10-01 18:00:00', 'java,bangla', 1, 0),
(124, 'English numbers to Bengali in Java', 'http://tracedot.com/english-numbers-to-bengali-in-java/', 3, '2017-10-01 18:00:00', 'java,bangla', 1, 0),
(125, 'How to convert Bengali Unicode numbers?', 'https://stackoverflow.com/questions/37021487/how-to-convert-bengali-unicode-numbers', 3, '2017-10-01 18:00:00', 'java,bangla', 1, 0),
(126, 'Rediscovering MVC and How to Write without a Framework', 'https://danmartensen.svbtle.com/how-to-write-mvc-without-a-framework', 3, '2017-10-01 18:00:00', 'javascript,mvc', 1, 0),
(127, 'TodoMVC project ', 'http://todomvc.com/', 3, '2017-10-01 18:00:00', 'javascript,mvc', 1, 0),
(128, 'Research: Performance Impact of Popular JavaScript MVC Frameworks', 'https://www.filamentgroup.com/lab/mv-initial-load-times.html', 3, '2017-10-01 18:00:00', 'javascript,mvc', 1, 0),
(129, '“Hello World” in MVC Pattern', 'https://stackoverflow.com/questions/8497833/hello-world-in-mvc-pattern', 3, '2017-10-03 18:00:00', 'javascript,mvc', 1, 0),
(130, 'The MVC Design Pattern in Vanilla JavaScript', 'https://www.sitepoint.com/mvc-design-pattern-javascript/', 3, '2017-10-03 18:00:00', 'javascript,mvc', 1, 0),
(131, 'todo mvc Helping you select an MV* framework', 'http://todomvc.com/', 3, '2017-10-03 18:00:00', 'javascript,mvc', 1, 0),
(132, 'Flux Utils', 'https://facebook.github.io/flux/docs/flux-utils.html#content', 3, '2017-10-03 18:00:00', 'javascript,mvc', 1, 0),
(133, 'An Introduction to the React Framework', 'https://www.upwork.com/hiring/development/an-introduction-to-the-react-framework/', 3, '2017-10-03 18:00:00', 'javascript,React', 1, 0),
(134, 'Top JavaScript MVC Frameworks', 'https://www.infoq.com/research/top-javascript-mvc-frameworks', 3, '2017-10-03 18:00:00', 'javascript,mvc', 1, 0),
(135, 'What is VanillaJS?', 'https://stackoverflow.com/questions/20435653/what-is-vanillajs', 3, '2017-10-03 18:00:00', 'javascript,VanillaJS', 1, 0),
(136, 'Ajax (programming)', 'https://en.wikipedia.org/wiki/Ajax_%28programming%29', 3, '2017-10-03 18:00:00', 'Ajax', 1, 0),
(137, 'JavaScript', 'https://en.wikipedia.org/wiki/JavaScript', 3, '2017-10-03 18:00:00', 'javascript', 1, 0),
(138, 'Handlebars', 'http://handlebarsjs.com/', 3, '2017-10-03 18:00:00', 'javascript', 1, 0),
(139, 'Front-end Choice Paralysis', 'https://the-pastry-box-project.net/addy-osmani/2014-January-19', 3, '2017-10-03 18:00:00', 'javascript', 1, 0),
(140, 'Yet Another Framework Syndrome (YAFS)', 'https://medium.com/tastejs-blog/yet-another-framework-syndrome-yafs-cf5f694ee070', 3, '2017-10-03 18:00:00', 'javascript', 1, 0),
(141, 'todomvc', 'https://github.com/tastejs/todomvc/tree/gh-pages/examples/vanillajs/js', 3, '2017-10-03 18:00:00', 'javascript,VanillaJS', 1, 0),
(142, '5 Best JavaScript Frameworks in 2017', 'https://hackernoon.com/5-best-javascript-frameworks-in-2017-7a63b3870282', 3, '2017-10-03 18:00:00', 'javascript', 1, 0),
(143, 'angularjs', 'https://angularjs.org/', 3, '2017-10-03 18:00:00', 'javascript,Angularjs', 1, 0),
(144, 'Ember.js', 'https://en.wikipedia.org/wiki/Ember.js', 3, '2017-10-03 18:00:00', 'javascript,EmberJS', 1, 0),
(145, 'AngularJS', 'https://en.wikipedia.org/wiki/AngularJS', 3, '2017-10-03 18:00:00', 'javascript,Angularjs', 1, 0),
(146, 'Quick Tip: Easy form validation with HTML5 ', 'https://tutorialzine.com/2014/12/quick-tip-easy-form-validation-with-html5', 3, '2017-10-03 18:00:00', 'HTML5', 1, 0),
(147, 'Quick Tip: Store Data in the Browser with IndexedDB', 'https://tutorialzine.com/2013/01/simple-indexeddb-dbjs-app', 3, '2017-10-03 18:00:00', 'IndexedDB', 1, 0),
(148, '15 Interesting JavaScript and CSS Libraries for May 2017', 'https://tutorialzine.com/2017/05/15-interesting-javascript-and-css-libraries-for-may-2017', 3, '2017-10-03 18:00:00', 'javascript', 1, 0),
(149, 'Tutorial: Intro To React', 'https://reactjs.org/tutorial/tutorial.html', 3, '2017-10-03 18:00:00', 'React', 1, 0),
(150, '10 Machine Learning Examples in JavaScript ', 'https://tutorialzine.com/2017/04/10-machine-learning-examples-in-javascript', 3, '2017-10-03 18:00:00', 'ML', 1, 0),
(151, 'JavaScript Async/Await Explained in 10 Minutes ', 'https://tutorialzine.com/2017/07/javascript-async-await-explained', 3, '2017-10-03 18:00:00', 'javascript', 1, 0),
(152, 'Learn the Bootstrap Grid in 15 Minutes', 'https://tutorialzine.com/2015/10/learn-the-bootstrap-grid-in-15-minutes', 3, '2017-10-03 18:00:00', 'Bootstrap', 1, 0),
(153, '5 Practical Examples For Learning Vue.js', 'https://tutorialzine.com/2016/03/5-practical-examples-for-learning-vue-js', 3, '2017-10-03 18:00:00', 'VueJS', 1, 0),
(154, 'Test your JavaScript, CSS, HTML or CoffeeScript online with JSFiddle code editor', 'https://jsfiddle.net/', 3, '2017-10-03 18:00:00', 'code,editor', 1, 0),
(155, '5 Practical Examples For Learning The React Framework', 'https://tutorialzine.com/2014/07/5-practical-examples-for-learning-facebooks-react-framework', 3, '2017-10-03 18:00:00', 'React', 1, 0),
(156, 'Making a Single Page App Without a Framework', 'https://tutorialzine.com/2015/02/single-page-app-without-a-framework', 3, '2017-10-03 18:00:00', 'javascript', 1, 0),
(157, 'Learn Regular Expressions in 20 Minutes', 'https://tutorialzine.com/2014/12/learn-regular-expressions-in-20-minutes', 3, '2017-10-03 18:00:00', 'RE', 1, 0),
(158, 'Learn SQL In 20 Minutes', 'https://tutorialzine.com/2016/01/learn-sql-in-20-minutes', 3, '2017-10-03 18:00:00', 'SQL', 1, 0),
(159, 'Learn Git in 30 Minutes', 'https://tutorialzine.com/2016/06/learn-git-in-30-minutes', 3, '2017-10-03 18:00:00', 'Git', 1, 0),
(160, 'Learn Handlebars in 10 Minutes or Less', 'https://tutorialzine.com/2015/01/learn-handlebars-in-10-minutes', 3, '2017-10-03 18:00:00', 'HandlebarsJS', 1, 0),
(161, 'handlebars.js', 'https://github.com/wycats/handlebars.js#differences-between-handlebarsjs-and-mustache', 3, '2017-10-03 18:00:00', 'HandlebarsJS', 1, 0),
(162, 'JSON HTML', 'https://www.w3schools.com/js/js_json_html.asp', 3, '2017-10-03 18:00:00', 'Json', 1, 0),
(163, 'mustache.java', 'https://github.com/spullara/mustache.java', 3, '2017-10-03 18:00:00', 'Mustache', 1, 0),
(164, 'Logic-less templates.', 'http://mustache.github.io/', 3, '2017-10-03 18:00:00', 'Mustache', 1, 0),
(165, 'Generate HTML page with JS from JSON', 'https://stackoverflow.com/questions/9625366/generate-html-page-with-js-from-json', 3, '2017-10-03 18:00:00', 'javascript,Json', 1, 0),
(166, 'The AJAX response: XML, HTML, or JSON?', 'http://www.quirksmode.org/blog/archives/2005/12/the_ajax_respon.html', 3, '2017-10-03 18:00:00', 'javascript,Ajax', 1, 0),
(167, 'Jquery & Ajax - How To Use Json To Create New Html Elements?', 'http://larryullman.com/forums/index.php?/topic/3558-jquery-ajax-how-to-use-json-to-create-new-html-elements/', 3, '2017-10-03 18:00:00', 'Ajax,Json,Jquery', 1, 0),
(168, 'Make Dynamic Tables in Seconds from Any JSON Data', 'https://www.sitepoint.com/dynamic-tables-json/', 3, '2017-10-03 18:00:00', 'Json', 1, 0),
(169, 'HTML table from JSON store using pure JavaScript, no jQuery', 'https://teamtreehouse.com/community/html-table-from-json-store-using-pure-javascript-no-jquery', 3, '2017-10-03 18:00:00', 'javascript,Json', 1, 0),
(170, 'What are some good ways to render JSON as HTML on the browser-side using JavaScript?', 'https://www.quora.com/What-are-some-good-ways-to-render-JSON-as-HTML-on-the-browser-side-using-JavaScript', 3, '2017-10-03 18:00:00', 'Json', 1, 0),
(171, 'Generate HTML from a JSON Without any Template but HTML and Javascript', 'https://beebole.com/blog/generate-html-from-a-json-without-any-template-but-html-and-javascript/', 3, '2017-10-03 18:00:00', 'PureJS', 1, 0),
(172, 'pure.js - Javascript Template Engine', 'https://beebole.com/pure/', 3, '2017-10-03 18:00:00', 'PureJS', 1, 0),
(173, 'Convert json data to a html table [closed]', 'https://stackoverflow.com/questions/5180382/convert-json-data-to-a-html-table', 3, '2017-10-03 18:00:00', 'Json', 1, 0),
(174, 'RESTful Java Servlet: Serializing to/from JSON with Jackson', 'http://software.danielwatrous.com/restful-java-servlet-serializing-tofrom-json-with-jackson/', 3, '2017-10-03 18:00:00', 'java,REST', 1, 0),
(175, 'RESTful Java Servlet', 'http://software.danielwatrous.com/restful-java-servlet/', 3, '2017-10-03 18:00:00', 'java,REST', 1, 0),
(176, 'Representational state transfer', 'https://en.wikipedia.org/wiki/Representational_state_transfer', 3, '2017-10-03 18:00:00', 'REST', 1, 0),
(177, 'Why Use Servlets for RESTful Web Services?', 'https://www.safaribooksonline.com/library/view/java-web-services/9781449373856/ch01s09.html', 3, '2017-10-03 18:00:00', 'java,REST,Servlet', 1, 0),
(178, 'Chapter 3. JAX-RS Application, Resources and Sub-Resources', 'https://jersey.github.io/documentation/latest/jaxrs-resources.html', 3, '2017-10-03 18:00:00', 'java,REST', 1, 0),
(179, ' Jersey  RESTful Web Services in Java.', 'https://jersey.github.io/', 3, '2017-10-03 18:00:00', 'java,REST', 1, 0),
(180, 'Project Jersey', 'https://en.wikipedia.org/wiki/Project_Jersey', 3, '2017-10-03 18:00:00', 'java,REST,Jersey', 1, 0),
(181, 'RESTful Web Services - Java (JAX-RS)', 'https://www.tutorialspoint.com/restful/restful_jax_rs.htm', 3, '2017-10-03 18:00:00', 'java,REST', 1, 0),
(182, 'RESTful Web Services - Messages', 'https://www.tutorialspoint.com/restful/restful_messages.htm', 3, '2017-10-03 18:00:00', 'java,REST', 1, 0),
(183, 'RESTful Web Services - Introduction', 'https://www.tutorialspoint.com/restful/restful_introduction.htm', 3, '2017-10-03 18:00:00', 'java,REST', 1, 0),
(184, 'Java servlet', 'https://en.wikipedia.org/wiki/Java_servlet', 3, '2017-10-03 18:00:00', 'java,Servlet', 1, 0),
(185, 'MVC architecture with servlets and jsp', 'http://www.thejavageek.com/2013/08/11/mvc-architecture-with-servlets-and-jsp/', 3, '2017-10-03 18:00:00', 'java,mvc', 1, 0),
(186, 'Login application in Java using MVC and MySQL', 'https://krazytech.com/programs/a-login-application-in-java-using-model-view-controllermvc-design-pattern', 3, '2017-10-03 18:00:00', 'java,mvc', 1, 0),
(187, 'Mini MVC using Servlets: Page 3 of 3', 'http://www.wideskills.com/servlets/mini-mvc/p/0/2', 3, '2017-10-03 18:00:00', 'java,mvc', 1, 0),
(188, ' JSP - Servlets: Full Login Example', 'http://met.guc.edu.eg/OnlineTutorials/JSP%20-%20Servlets/Full%20Login%20Example.aspx', 3, '2017-10-03 18:00:00', 'java,JSP', 1, 0),
(189, 'Warning: implode() [function.implode]: Invalid arguments passed', 'https://stackoverflow.com/questions/5280180/warning-implode-function-implode-invalid-arguments-passed', 1, '2017-10-05 18:00:00', 'php', 1, 0),
(190, 'Mail Template', 'https://www.w3schools.com/w3css/tryw3css_templates_mail.htm#', 3, '2017-10-05 18:00:00', 'mail,template', 1, 0),
(191, 'Material Design DataTables', 'https://datatables.net/', 3, '2017-10-05 18:00:00', 'Material,Design', 1, 0),
(192, 'Material Design', 'https://material.io/', 3, '2017-10-05 18:00:00', 'material,design', 1, 0),
(193, 'Polymer (library)', 'https://en.wikipedia.org/wiki/Polymer_%28library%29', 3, '2017-10-05 18:00:00', 'javascript,Polymer', 1, 0),
(194, 'Comparison of Material Design implementations', 'https://en.wikipedia.org/wiki/Comparison_of_Material_Design_implementations', 3, '2017-10-05 18:00:00', 'material,design', 1, 0),
(195, 'Metro (design language)', 'https://en.wikipedia.org/wiki/Metro_%28design_language%29', 3, '2017-10-05 18:00:00', 'METRO', 1, 0),
(196, 'Material buttons Components – Buttons', 'https://material.io/guidelines/components/buttons.html', 3, '2017-10-05 18:00:00', 'material,design', 1, 0),
(197, 'Material Design Lite', 'https://getmdl.io/', 3, '2017-10-05 18:00:00', 'material,design', 1, 0),
(198, 'iOS 7', 'https://en.wikipedia.org/wiki/IOS_7#Design', 3, '2017-10-05 18:00:00', 'iOS7', 1, 0),
(199, 'Search and find-in-page', 'https://docs.microsoft.com/en-us/windows/uwp/controls-and-patterns/search', 3, '2017-10-05 18:00:00', 'metro', 1, 0),
(200, 'Design and UI for UWP apps', 'https://developer.microsoft.com/en-us/windows/apps/design', 3, '2017-10-05 18:00:00', 'metro', 1, 0),
(201, 'Design language', 'https://en.wikipedia.org/wiki/Design_language', 3, '2017-10-05 18:00:00', 'design,language', 1, 0),
(202, 'Material Design', 'https://en.wikipedia.org/wiki/Material_Design', 3, '2017-10-05 18:00:00', 'material,design', 1, 0),
(203, 'Flat design', 'https://en.wikipedia.org/wiki/Flat_design', 3, '2017-10-05 18:00:00', 'Flat,Design', 1, 0),
(204, 'Web Development', 'https://msdn.microsoft.com/en-us/library/ff921348.aspx', 3, '2017-10-05 18:00:00', 'metro', 1, 0),
(205, 'The Full-Stack UX Design Platform', 'https://www.uxpin.com/', 3, '2017-10-05 18:00:00', 'UX', 1, 0),
(206, 'Principles', 'http://blinkux.com/metro/principles.html', 3, '2017-10-05 18:00:00', 'metro', 1, 0),
(207, 'Backbone.js', 'http://backbonejs.org/', 3, '2017-10-05 18:00:00', 'BackboneJS', 1, 0),
(208, 'Backbone.js', 'https://en.wikipedia.org/wiki/Backbone.js', 3, '2017-10-05 18:00:00', 'backbonejs', 1, 0),
(209, 'Top 10 JavaScript MVC Frameworks', 'https://www.bbconsult.co.uk/blog/top-10-javascript-mvc-frameworks', 3, '2017-10-05 18:00:00', 'javascript', 1, 0),
(210, 'Choosing a JavaScript Framework in 2017', 'https://medium.com/@ZombieCodeKill/choosing-a-javascript-framework-535745d0ab90', 3, '2017-10-05 18:00:00', 'javascript', 1, 0),
(211, 'Choosing a JavaScript MVC Framework', 'http://www.funnyant.com/choosing-javascript-mvc-framework/', 3, '2017-10-05 18:00:00', 'javascript', 1, 0),
(212, 'CKEditor', 'https://en.wikipedia.org/wiki/CKEditor', 3, '2017-10-05 18:00:00', 'CKEditor', 1, 0),
(213, 'TinyMCE', 'https://en.wikipedia.org/wiki/TinyMCE', 3, '2017-10-05 18:00:00', 'TinyMCE', 1, 0),
(214, 'Redactor fantastic WYSIWYG-editor', 'https://imperavi.com/redactor/', 3, '2017-10-05 18:00:00', 'Redactor', 1, 0),
(215, 'Plugin editor HTML TinyMCE vs CKEditor', 'https://stackoverflow.com/questions/17286570/plugin-editor-html-tinymce-vs-ckeditor', 3, '2017-10-05 18:00:00', 'ckeditor,tinymce', 1, 0),
(216, 'CKEditor vs. TinyMCE', 'http://www.krizalys.com/article/ckeditor-vs-tinymce', 3, '2017-10-05 18:00:00', 'ckeditor,tinymce', 1, 0),
(217, 'Best WYSIWYG Editor for Web-Content', 'https://www.bersling.com/2016/05/12/best-wysiwyg-for-web-content/', 3, '2017-10-05 18:00:00', 'WYSIWYG,Editor', 1, 0),
(218, 'Introducing Material Design Lite', 'https://medium.com/google-developers/introducing-material-design-lite-3ce67098c031', 3, '2017-10-05 18:00:00', 'Material,Design,Lite', 1, 0),
(219, 'Material Design Lite Tutorial', 'https://www.tutorialspoint.com/materialdesignlite/index.htm', 3, '2017-10-05 18:00:00', 'Material,Design,Lite', 1, 0),
(220, 'Qmail Admin', 'https://qmail.com.bd/qmail/login/main_login.php', 3, '2017-10-05 18:00:00', 'QMAIL,ADMIN', 1, 0),
(221, 'Old QMIS', 'https://oldqmis.quantum.org.bd', 3, '2017-10-05 18:00:00', 'Old,QMIS', 1, 1),
(222, 'changing the class name of a div in jquery', 'https://stackoverflow.com/questions/9517372/changing-the-class-name-of-a-div-in-jquery', 1, '2017-10-06 18:00:00', 'javascript,ajax', 1, 0),
(223, 'How to list files and folder in a dir (PHP) [duplicate]', 'https://stackoverflow.com/questions/4050511/how-to-list-files-and-folder-in-a-dir-php', 1, '2017-10-07 18:00:00', 'php', 1, 0),
(224, 'PHP Get all subdirectories of a given directory', 'https://stackoverflow.com/questions/2524151/php-get-all-subdirectories-of-a-given-directory', 1, '2017-10-07 18:00:00', 'php', 1, 0),
(225, 'Simple JavaScript currency conversion library with no dependencies, in just over 1 kb.', 'http://openexchangerates.github.io/money.js/#playground', 1, '2017-10-07 18:00:00', 'javascript', 1, 0),
(226, 'javascript currency conversion library, for web &amp; nodeJS', 'https://github.com/openexchangerates/money.js', 1, '2017-10-07 18:00:00', 'javascript,github', 1, 0),
(227, 'Towards the island Sonar Chor', 'http://icwow.blogspot.com/2015/04/day-1-towards-island-sonar-chor.html', 1, '2017-10-07 18:00:00', 'travel', 1, 0),
(228, 'Exploring Shonar Chor (সোনার চরে ঘুরে বেড়ানো)', 'http://icwow.blogspot.com/2015/05/day-2-exploring-shonar-chor.html', 1, '2017-10-07 18:00:00', 'travel', 1, 0),
(229, 'Chor Kukri-mukri (চর কুকরি-মুকরি)', 'http://icwow.blogspot.com/2015/05/day-3-chor-kukri-mukri.html', 1, '2017-10-07 18:00:00', 'travel', 1, 0),
(230, 'What are the major differences between Tomcat and Jetty application servers?', 'https://www.quora.com/What-are-the-major-differences-between-Tomcat-and-Jetty-application-servers', 1, '2017-10-07 18:00:00', 'jetty,server', 1, 0),
(231, 'What are some examples of CSS where BEM really shines?', 'https://www.quora.com/What-are-some-examples-of-CSS-where-BEM-really-shines', 3, '2017-10-11 18:00:00', 'BEM', 1, 0),
(232, 'Why should I choose BEM as a modular solution for CSS?', 'http://getbem.com/faq/', 3, '2017-10-11 18:00:00', 'bem', 1, 0),
(233, 'CSS for BEM', 'https://en.bem.info/methodology/css/', 3, '2017-10-11 18:00:00', 'bem', 1, 0),
(234, 'Starting your own BEM project', 'https://en.bem.info/platform/tutorials/start-with-project-stub/', 3, '2017-10-11 18:00:00', 'bem', 1, 0),
(235, 'Introduction To BEM Methodology', 'https://www.toptal.com/css/introduction-to-bem-methodology', 3, '2017-10-11 18:00:00', 'BEM', 1, 0),
(236, 'BEM 101', 'https://css-tricks.com/bem-101/', 3, '2017-10-11 18:00:00', 'bem', 1, 0),
(237, 'Comparing Bootstrap With Google\'s Material Design Lite', 'https://tutorialzine.com/2015/07/comparing-bootstrap-with-mdl', 3, '2017-10-11 18:00:00', 'Bootstrap,Material,Design,Lite', 1, 0),
(238, 'The 15 Best Material Design Frameworks and Libraries', 'https://tutorialzine.com/2016/03/the-15-best-material-design-frameworks-and-libraries', 3, '2017-10-11 18:00:00', 'material,design', 1, 0),
(239, 'Top 10 Material Design Frameworks for Modern UX/UI Design', 'http://noeticforce.com/best-material-design-web-frameworks', 3, '2017-10-11 18:00:00', 'material,design', 1, 0),
(240, '6 Free Material Design CSS Frameworks for 2017 Compared', 'https://www.sitepoint.com/free-material-design-css-frameworks-compared/', 3, '2017-10-11 18:00:00', 'material,design', 1, 0),
(241, 'AntiPatterns, a Brief Tutorial', 'http://antipatterns.com/briefing/index.htm', 3, '2017-10-11 18:00:00', 'AntiPattern', 1, 0),
(242, 'AntiPatterns', 'https://en.wikipedia.org/wiki/AntiPatterns', 3, '2017-10-11 18:00:00', 'antipattern', 1, 0),
(243, 'Java Design Patterns', 'http://javadesign-patterns.blogspot.com/', 3, '2017-10-11 18:00:00', 'java,Design,Pattern', 1, 0),
(244, 'Design Patterns in ES6', 'https://tcorral.github.io/Design-Patterns-in-Javascript/', 3, '2017-10-11 18:00:00', 'design,pattern', 1, 0),
(245, 'Rule-based system', 'https://en.wikipedia.org/wiki/Rule-based_system', 3, '2017-10-11 18:00:00', 'design,pattern', 1, 0),
(246, 'Cloud computing', 'https://en.wikipedia.org/wiki/Cloud_computing', 3, '2017-10-11 18:00:00', 'Cloud,computing', 1, 0),
(247, 'Microkernel', 'https://en.wikipedia.org/wiki/Microkernel', 3, '2017-10-11 18:00:00', 'Microkernel', 1, 0),
(248, 'Message-oriented middleware', 'https://en.wikipedia.org/wiki/Message-oriented_middleware', 3, '2017-10-11 18:00:00', 'design,pattern', 1, 0),
(249, 'Control table', 'https://en.wikipedia.org/wiki/Control_table', 3, '2017-10-11 18:00:00', 'design,pattern', 1, 0),
(250, 'List of software architecture styles and patterns', 'https://en.wikipedia.org/wiki/List_of_software_architecture_styles_and_patterns', 3, '2017-10-11 18:00:00', 'design,pattern', 1, 0),
(251, 'Blackboard system', 'https://en.wikipedia.org/wiki/Blackboard_system', 3, '2017-10-11 18:00:00', 'design,pattern', 1, 0),
(252, 'Blackboard (design pattern)', 'https://en.wikipedia.org/wiki/Blackboard_%28design_pattern%29', 3, '2017-10-11 18:00:00', 'design,pattern', 1, 0),
(253, 'Broker pattern', 'https://en.wikipedia.org/wiki/Broker_pattern', 3, '2017-10-11 18:00:00', 'design,pattern', 1, 0),
(254, 'Event-driven architecture', 'https://en.wikipedia.org/wiki/Event-driven_architecture', 3, '2017-10-11 18:00:00', 'design,pattern', 1, 0),
(255, 'Inversion of control', 'https://en.wikipedia.org/wiki/Inversion_of_control', 3, '2017-10-11 18:00:00', 'design,pattern', 1, 0),
(256, 'Publish–subscribe pattern', 'https://en.wikipedia.org/wiki/Publish%E2%80%93subscribe_pattern', 3, '2017-10-11 18:00:00', 'design,pattern', 1, 0),
(257, 'Implicit invocation', 'https://en.wikipedia.org/wiki/Implicit_invocation', 3, '2017-10-11 18:00:00', 'design,pattern', 1, 0),
(258, 'Layer (object-oriented design)', 'https://en.wikipedia.org/wiki/Layer_%28object-oriented_design%29', 3, '2017-10-11 18:00:00', 'design,pattern', 1, 0),
(259, 'Microservices', 'https://en.wikipedia.org/wiki/Microservices', 3, '2017-10-11 18:00:00', 'design,pattern', 1, 0),
(260, 'Peer-to-peer', 'https://en.wikipedia.org/wiki/Peer-to-peer', 3, '2017-10-11 18:00:00', 'design,pattern', 1, 0),
(261, 'Pipeline (software)', 'https://en.wikipedia.org/wiki/Pipeline_%28software%29', 3, '2017-10-11 18:00:00', 'design,pattern', 1, 0),
(262, 'Space-based architecture', 'https://en.wikipedia.org/wiki/Space-based_architecture', 3, '2017-10-11 18:00:00', 'design,pattern', 1, 0),
(263, 'Service-oriented architecture', 'https://en.wikipedia.org/wiki/Service-oriented_architecture', 3, '2017-10-11 18:00:00', 'design,pattern', 1, 0),
(264, 'Entity–component–system', 'https://en.wikipedia.org/wiki/Entity%E2%80%93component%E2%80%93system', 3, '2017-10-11 18:00:00', 'design,pattern', 1, 0),
(265, 'Multitier architecture', 'https://en.wikipedia.org/wiki/Multitier_architecture', 3, '2017-10-11 18:00:00', 'design,pattern', 1, 0),
(266, 'Naked objects', 'https://en.wikipedia.org/wiki/Naked_objects', 3, '2017-10-11 18:00:00', 'design,pattern', 1, 0),
(267, 'Architectural pattern', 'https://en.wikipedia.org/wiki/Architectural_pattern', 3, '2017-10-11 18:00:00', 'design,pattern', 1, 0),
(268, 'Servant (design pattern)', 'https://en.wikipedia.org/wiki/Servant_%28design_pattern%29', 3, '2017-10-11 18:00:00', 'design,pattern', 1, 0),
(269, 'Reactor pattern', 'https://en.wikipedia.org/wiki/Reactor_pattern', 3, '2017-10-11 18:00:00', 'design,pattern', 1, 0),
(270, 'Round-robin scheduling', 'https://en.wikipedia.org/wiki/Round-robin_scheduling', 3, '2017-10-11 18:00:00', 'design,pattern', 1, 0),
(271, 'Scheduling (computing)', 'https://en.wikipedia.org/wiki/Scheduling_%28computing%29', 3, '2017-10-11 18:00:00', 'design,pattern', 1, 0),
(272, 'Software design pattern', 'https://en.wikipedia.org/wiki/Software_design_pattern', 3, '2017-10-11 18:00:00', 'design,pattern', 1, 0),
(273, 'Pattern language', 'https://en.wikipedia.org/wiki/Pattern_language', 3, '2017-10-11 18:00:00', 'design,pattern', 1, 0),
(274, 'Builder pattern', 'https://en.wikipedia.org/wiki/Builder_pattern', 3, '2017-10-11 18:00:00', 'design,pattern', 1, 0),
(275, 'Elasticsearch query', 'https://www.elastic.co/guide/en/elasticsearch/reference/current/query-dsl-bool-query.html#query-dsl-bool-query', 3, '2017-10-11 18:00:00', 'Elasticsearch', 1, 0),
(276, 'Elasticsearch', 'http://siddhumehta.blogspot.com/2014/06/elasticsearch-tutorial-inverted-index.html', 3, '2017-10-11 18:00:00', 'elasticsearch', 1, 0),
(277, 'Elasticsearch', 'http://siddhumehta.blogspot.com/2014/06/elasticsearch-architecture-design-diagram.html', 3, '2017-10-11 18:00:00', 'elasticsearch', 1, 0),
(278, 'ElasticSearch', 'http://siddhumehta.blogspot.com/2014/05/elasticsearch-tutorial-questions-basics.html', 3, '2017-10-11 18:00:00', 'elasticsearch', 1, 0);

-- --------------------------------------------------------

--
-- Table structure for table `tags`
--

CREATE TABLE IF NOT EXISTS `tags` (
  `id` int(11) NOT NULL AUTO_INCREMENT,
  `tag_name` varchar(255) COLLATE utf8_unicode_ci DEFAULT NULL,
  PRIMARY KEY (`id`)
) ENGINE=InnoDB DEFAULT CHARSET=utf8 COLLATE=utf8_unicode_ci;

--
-- Dumping data for table `tags`
--

INSERT INTO `tags` (`id`, `tag_name`) VALUES
(1, 'jetty'),
(2, 'html'),
(3, 'css'),
(4, 'javascript'),
(5, 'php'),
(6, 'wordpress'),
(7, 'mail'),
(8, 'github'),
(9, 'java'),
(12, 'mta'),
(13, 'parser'),
(14, 'client'),
(15, 'browser'),
(17, 'architecture'),
(18, 'mua'),
(19, 'email'),
(20, 'agent'),
(21, 'zimbra'),
(22, 'bangla'),
(23, 'mvc'),
(24, 'react'),
(25, 'vanillajs'),
(27, 'angularjs'),
(28, 'emberjs'),
(29, 'html5'),
(30, 'indexeddb'),
(31, 'ml'),
(32, 'bootstrap'),
(33, 'vuejs'),
(34, 'code'),
(35, 'editor'),
(36, 're'),
(37, 'sql'),
(38, 'git'),
(39, 'handlebarsjs'),
(40, 'json'),
(41, 'mustache'),
(42, 'jquery'),
(43, 'purejs'),
(44, 'rest'),
(45, 'servlet'),
(46, 'jersey'),
(47, 'jsp'),
(48, 'template'),
(51, 'material'),
(52, 'design'),
(53, 'polymer'),
(55, 'ios7'),
(56, 'metro'),
(57, 'language'),
(58, 'flat'),
(59, 'ux'),
(61, 'backbonejs'),
(64, 'redactor'),
(65, 'ckeditor'),
(66, 'tinymce'),
(67, 'wysiwyg'),
(69, 'lite'),
(70, 'qmail'),
(71, 'admin'),
(72, 'old'),
(73, 'qmis'),
(74, 'ajax'),
(75, 'travel'),
(76, 'server'),
(78, 'bem'),
(80, 'antipattern'),
(83, 'pattern'),
(84, 'cloud'),
(85, 'computing'),
(86, 'microkernel'),
(88, 'elasticsearch');

-- --------------------------------------------------------

--
-- Table structure for table `users`
--

CREATE TABLE IF NOT EXISTS `users` (
  `id` int(11) NOT NULL AUTO_INCREMENT,
  `full_name` varchar(20) COLLATE utf8_unicode_ci NOT NULL,
  `email_id` varchar(200) COLLATE utf8_unicode_ci DEFAULT NULL,
  `username` varchar(20) COLLATE utf8_unicode_ci NOT NULL,
  `password` varchar(255) COLLATE utf8_unicode_ci DEFAULT NULL,
  `status` int(11) NOT NULL,
  `roles` varchar(255) COLLATE utf8_unicode_ci NOT NULL,
  `created` timestamp NOT NULL DEFAULT CURRENT_TIMESTAMP ON UPDATE CURRENT_TIMESTAMP COMMENT 'CURRENT_TIMESTAMP',
  PRIMARY KEY (`id`)
) ENGINE=InnoDB DEFAULT CHARSET=utf8 COLLATE=utf8_unicode_ci;

--
-- Dumping data for table `users`
--

INSERT INTO `users` (`id`, `full_name`, `email_id`, `username`, `password`, `status`, `roles`, `created`) VALUES
(1, 'MR Taumal', 'taumal@qmail.com.bd', 'taumal', '$2y$10$sVx6EWpdUpAHbyoX2jqscOfXbVOPIPK/ZUe95811qhsxze2uFtr1W', 1, 'admin', '2017-10-01 19:54:54'),
(2, 'Abadul Islam', 'eban@qmail.com.bd', 'eban', '$2y$10$kT9P/r0tfd2hglBKGQiHceupTWf8MfE7xjRH0PgnJE02jwXs7OJyK', 0, 'user', '2017-09-22 08:59:09'),
(3, 'Sohel Ahmed', 'sohel@qmail.com.bd', 'sohel', '$2y$10$4LJZVQA3IWJGfZRRSh1NTuQCFK/EF0c03fo76m7ocfNJ4FKTxe/WG', 1, 'user', '2017-09-29 05:12:26'),
(4, 'Syeed Nasrul Islam', 'anam@qmail.com.bd', 'anam', '$2y$10$1Q3Oy8Yj5tGTQNPA9qKSuOd2Joj4sHx9wODCJypHqupLvAuWrrrfC', 1, 'user', '2017-10-02 04:00:24');

--
-- Constraints for dumped tables
--

--
-- Constraints for table `links`
--
ALTER TABLE `links`
  ADD CONSTRAINT `FK36ILUS16335B86` FOREIGN KEY (`created_by`) REFERENCES `users` (`id`);
COMMIT;

/*!40101 SET CHARACTER_SET_CLIENT=@OLD_CHARACTER_SET_CLIENT */;
/*!40101 SET CHARACTER_SET_RESULTS=@OLD_CHARACTER_SET_RESULTS */;
/*!40101 SET COLLATION_CONNECTION=@OLD_COLLATION_CONNECTION */;
